fhfghfg;dgdGgdo;hahaha;ms;65;a@gmail.com;56734576;2024-03-30;"th etr5 345 hf d";150€
fhfghfg;dgdGgdo;hahaha;ms;65;b@gmail.com;56734576;2024-03-31;"thhfd 53 4dgd";150€
fhfghfg;dgdGgdo;hahaha;ms;65;c@gmail.com;56734576;2024-04-01;"thy egsdg  er";100€
fhfghfg;dgdGgdo;hahaha;ms;65;d@gmail.com;56734576;2024-04-02;"wg53 4\sdg 34 ";100€
fhfghfg;dgdGgdo;hahaha;ms;65;e@gmail.com;56734576;2024-04-03;" 6rhy 5 dfh \sh";100€
Andrey;lalala;hahaha;ms;65;f@gmail.com;56734576;2024-04-04;"sdg5 3f h34 sd";100€
andrey;lalala;hahaha;ms;65;f@gmail.com;56734576;2024-04-04;"sdg5 3f h34 sd";100€
andrey;lalala;hahaha;ms;65;f@gmail.com;56734576;2024-04-04;"j76c hgf 6 jhfhg o";100€
andrey;;hahaha;ms;65;f@gmail.com;56734576;2024-04-04;"j76c hgf 6 jhfhg o";100€
andrey;;hahaha;ms;65;f@gmail.com;;2024-04-04;;100€
andrey;;hahaha;ms;65;f@gmail.com;;2024-04-04;;100€
Mary;Jane;hahahagsgsc;mr;34;k@gmail.com;56957943976;2024-05-26;"I worked omg!""""""""***";150€
andrey;"Jane o";Mary;mrs;20;jane-mary@gmail.com;56734576;2024-06-08;"Do I really have to pay 150???";150€
Mary;o-ho-ho;Jane;mrs;54;a@gmail.com;56734576;2024-06-23;"Look at my Middle name!!";150€
andrey;"de Marino";hahaha;mr;34;a@gmail.com;56734576;2024-03-13;ddfhfhdhfdh;100€
T-Bag;Jane;"de Watson";mr;44;you-are-a-dead-man@gmail.com;56734576;2025-11-30;"don't look at me like that, pretty";150€
gdfgdfg;lalala;hahaha;ms;56;a@gmail.com;56734576;2024-04-21;hahaha;150€
Mary;Jane;hahaha;mrs;27;a@gmail.com;56734576;2024-04-18;Lmao;100€
andrey;dgdGgd;hahaha;mr;33;a@gmail.com;56734576;2024-04-15;tyruytgfhjg;100€
Andrey;gfgdfgd;hahaha;mrs;76;gfhgf-gjhgj@gmail.com;56734576;2024-04-28;jhgfhjg;150€
